,time,prediction
0,1560124800,233.19
1,1560128400,233.0
2,1560132000,233.93
3,1560135600,234.61
4,1560139200,234.66
5,1560142800,233.13
6,1560146400,235.72
7,1560150000,236.91
8,1560153600,236.95
9,1560157200,235.84
10,1560160800,234.0
11,1560164400,243.07
12,1560168000,244.01
13,1560171600,242.83
14,1560175200,243.56
15,1560178800,243.22
16,1560182400,244.03
17,1560186000,243.22
18,1560189600,244.7
19,1560193200,245.1
20,1560196800,244.19
21,1560200400,244.56
22,1560204000,243.7
23,1560207600,247.82
24,1560211200,247.26
25,1560214800,246.02
26,1560218400,245.08
27,1560222000,245.37
28,1560225600,245.02
29,1560229200,246.11
30,1560232800,245.37
31,1560236400,246.53
32,1560240000,246.64
33,1560243600,245.54
34,1560247200,242.39
35,1560250800,240.32
36,1560254400,240.19
37,1560258000,241.01
38,1560261600,240.09
39,1560265200,239.99
40,1560268800,243.16
41,1560272400,242.89
42,1560276000,242.61
43,1560279600,243.72
44,1560283200,244.6
45,1560286800,246.52
46,1560290400,245.66
47,1560294000,245.17
48,1560297600,243.78
49,1560301200,244.57
50,1560304800,248.55
51,1560308400,248.54
52,1560312000,248.86
53,1560315600,247.98
54,1560319200,247.57
55,1560322800,248.31
56,1560326400,248.37
57,1560330000,247.54
58,1560333600,248.81
59,1560337200,248.85
60,1560340800,249.68
61,1560344400,249.4
62,1560348000,249.63
63,1560351600,255.23
64,1560355200,258.9
65,1560358800,257.77
66,1560362400,257.16
67,1560366000,257.46
68,1560369600,255.64
69,1560373200,258.21
70,1560376800,257.01
71,1560380400,262.5
72,1560384000,262.04
73,1560387600,260.27
74,1560391200,259.07
75,1560394800,259.64
76,1560398400,260.04
77,1560402000,260.19
78,1560405600,258.98
79,1560409200,260.03
80,1560412800,259.76
81,1560416400,257.66
82,1560420000,257.25
83,1560423600,257.5
84,1560427200,258.28
85,1560430800,260.69
86,1560434400,260.98
87,1560438000,260.44
88,1560441600,259.15
89,1560445200,259.33
90,1560448800,261.38
91,1560452400,259.44
92,1560456000,258.99
93,1560459600,261.85
94,1560463200,255.8
95,1560466800,255.15
96,1560470400,254.84
97,1560474000,253.71
98,1560477600,254.22
99,1560481200,253.64
100,1560484800,255.04
101,1560488400,255.64
102,1560492000,255.0
103,1560495600,256.05
104,1560499200,256.57
105,1560502800,256.6
106,1560506400,256.3
107,1560510000,254.58
108,1560513600,256.22
109,1560517200,257.53
110,1560520800,257.09
111,1560524400,256.58
112,1560528000,255.06
113,1560531600,256.06
114,1560535200,256.35
115,1560538800,255.99
116,1560542400,258.24
117,1560546000,262.87
118,1560549600,264.51
119,1560553200,263.83
120,1560556800,263.87
121,1560560400,265.83
122,1560564000,265.9
123,1560567600,265.06
124,1560571200,265.54
125,1560574800,265.97
126,1560578400,264.23
127,1560582000,264.6
128,1560585600,264.23
129,1560589200,263.54
130,1560592800,263.76
131,1560596400,263.68
132,1560600000,262.57
133,1560603600,263.6
134,1560607200,265.44
135,1560610800,265.62
136,1560614400,271.0
137,1560618000,269.77
138,1560621600,270.33
139,1560625200,270.0
140,1560628800,269.54
141,1560632400,270.43
142,1560636000,269.0
143,1560639600,269.44
144,1560643200,267.6
145,1560646800,270.69
146,1560650400,271.65
147,1560654000,271.83
148,1560657600,273.29
149,1560661200,276.69
150,1560664800,276.4
151,1560668400,277.52
152,1560672000,269.99
153,1560675600,270.14
154,1560679200,269.16
155,1560682800,270.6
156,1560686400,270.46
157,1560690000,273.2
158,1560693600,273.0
159,1560697200,272.69
160,1560700800,272.65
161,1560704400,269.4
162,1560708000,269.22
163,1560711600,265.76
164,1560715200,266.38
165,1560718800,268.57
166,1560722400,270.87
167,1560726000,268.58
168,1560729600,273.2
169,1560733200,271.93
170,1560736800,269.01
171,1560740400,270.04
172,1560744000,268.45
173,1560747600,268.07
174,1560751200,269.32
175,1560754800,269.53
176,1560758400,271.5
177,1560762000,271.35
178,1560765600,273.08
179,1560769200,272.4
180,1560772800,272.14
181,1560776400,272.56
182,1560780000,275.1
183,1560783600,269.5
184,1560787200,271.28
185,1560790800,272.4
186,1560794400,272.37
187,1560798000,272.58
188,1560801600,272.71
189,1560805200,272.66
190,1560808800,273.87
191,1560812400,273.74
192,1560816000,272.01
193,1560819600,271.51
194,1560823200,269.76
195,1560826800,271.01
196,1560830400,270.56
197,1560834000,268.41
198,1560837600,268.52
199,1560841200,267.93
200,1560844800,270.11
201,1560848400,269.52
202,1560852000,268.46
203,1560855600,267.0
204,1560859200,267.49
205,1560862800,268.61
206,1560866400,266.1
207,1560870000,266.65
208,1560873600,264.35
209,1560877200,265.04
210,1560880800,264.85
211,1560884400,264.12
212,1560888000,263.84
213,1560891600,261.49
214,1560895200,262.69
215,1560898800,264.65
216,1560902400,265.74
217,1560906000,265.34
218,1560909600,266.03
219,1560913200,265.8
220,1560916800,267.49
221,1560920400,268.08
222,1560924000,267.99
223,1560927600,269.07
224,1560931200,268.41
225,1560934800,267.39
226,1560938400,267.44
227,1560942000,267.23
228,1560945600,265.49
229,1560949200,266.45
230,1560952800,265.5
231,1560956400,267.01
232,1560960000,267.1
233,1560963600,267.37
234,1560967200,266.6
235,1560970800,266.62
236,1560974400,267.92
237,1560978000,268.48
238,1560981600,268.44
239,1560985200,268.91
240,1560988800,268.73
241,1560992400,268.85
242,1560996000,270.89
243,1560999600,270.36
244,1561003200,269.93
245,1561006800,269.47
246,1561010400,269.03
247,1561014000,267.98
248,1561017600,267.0
249,1561021200,267.81
250,1561024800,267.1
251,1561028400,267.93
252,1561032000,268.02
253,1561035600,268.8
254,1561039200,269.22
255,1561042800,269.35
256,1561046400,268.75
257,1561050000,268.39
258,1561053600,268.86
259,1561057200,268.72
260,1561060800,272.49
261,1561064400,272.1
262,1561068000,271.89
263,1561071600,271.99
264,1561075200,273.99
265,1561078800,282.32
266,1561082400,280.98
267,1561086000,280.56
268,1561089600,280.31
269,1561093200,287.01
270,1561096800,284.68
271,1561100400,287.1
272,1561104000,286.99
273,1561107600,289.6
274,1561111200,288.86
275,1561114800,288.97
276,1561118400,288.81
277,1561122000,285.2
278,1561125600,285.68
279,1561129200,285.17
280,1561132800,289.73
281,1561136400,289.49
282,1561140000,293.89
283,1561143600,294.6
284,1561147200,293.94
285,1561150800,292.84
286,1561154400,292.05
287,1561158000,296.08
288,1561161600,299.85
289,1561165200,303.82
290,1561168800,304.3
291,1561172400,302.47
292,1561176000,303.79
293,1561179600,305.48
294,1561183200,308.0
295,1561186800,306.76
296,1561190400,308.52
297,1561194000,308.92
298,1561197600,307.17
299,1561201200,306.66
300,1561204800,310.93
301,1561208400,313.59
302,1561212000,307.22
303,1561215600,306.86
304,1561219200,308.0
305,1561222800,308.53
306,1561226400,304.01
307,1561230000,305.84
308,1561233600,305.24
309,1561237200,303.5
310,1561240800,302.49
311,1561244400,308.54
312,1561248000,312.43
313,1561251600,313.3
314,1561255200,311.27
315,1561258800,313.18
316,1561262400,312.31
317,1561266000,314.5
318,1561269600,312.0
319,1561273200,310.38
320,1561276800,308.66
321,1561280400,307.42
322,1561284000,305.7
323,1561287600,308.02
324,1561291200,308.74
325,1561294800,306.91
326,1561298400,310.05
327,1561302000,311.36
328,1561305600,309.0
329,1561309200,310.67
330,1561312800,312.99
331,1561316400,312.68
332,1561320000,313.71
333,1561323600,309.23
334,1561327200,308.04
335,1561330800,305.99
336,1561334400,301.09
337,1561338000,304.0
338,1561341600,302.54
339,1561345200,301.61
340,1561348800,306.42
341,1561352400,306.7
342,1561356000,304.59
343,1561359600,305.92
344,1561363200,307.03
345,1561366800,307.05
346,1561370400,307.7
347,1561374000,307.07
348,1561377600,308.83
349,1561381200,307.89
350,1561384800,309.58
351,1561388400,307.69
352,1561392000,310.97
353,1561395600,309.77
354,1561399200,307.94
355,1561402800,307.56
356,1561406400,305.9
357,1561410000,309.0
358,1561413600,308.8
359,1561417200,310.44
360,1561420800,309.55
361,1561424400,311.45
362,1561428000,310.62
363,1561431600,310.0
364,1561435200,312.55
365,1561438800,312.38
366,1561442400,312.07
367,1561446000,313.0
368,1561449600,311.64
369,1561453200,312.66
370,1561456800,313.97
371,1561460400,311.96
372,1561464000,308.0
373,1561467600,310.36
374,1561471200,309.89
375,1561474800,310.85
376,1561478400,309.0
377,1561482000,309.48
378,1561485600,310.12
379,1561489200,309.17
380,1561492800,308.67
381,1561496400,312.26
382,1561500000,316.0
383,1561503600,316.88
384,1561507200,317.22
385,1561510800,316.01
386,1561514400,316.4
387,1561518000,331.09
388,1561521600,333.69
389,1561525200,327.92
390,1561528800,331.51
391,1561532400,328.2
392,1561536000,331.6
393,1561539600,330.71
394,1561543200,335.06
395,1561546800,338.86
396,1561550400,346.09
397,1561554000,348.35
398,1561557600,343.5
399,1561561200,345.41
400,1561564800,355.0
401,1561568400,351.0
402,1561572000,353.82
403,1561575600,351.16
404,1561579200,336.94
405,1561582800,326.25
406,1561586400,325.23
407,1561590000,334.51
408,1561593600,338.91
409,1561597200,332.16
410,1561600800,334.06
411,1561604400,334.51
412,1561608000,334.04
413,1561611600,332.02
414,1561615200,324.54
415,1561618800,321.98
416,1561622400,312.09
417,1561626000,308.15
418,1561629600,306.96
419,1561633200,312.5
420,1561636800,306.75
421,1561640400,303.84
422,1561644000,311.87
423,1561647600,307.01
424,1561651200,293.14
425,1561654800,288.6
426,1561658400,291.39
427,1561662000,287.82
428,1561665600,288.63
429,1561669200,291.93
430,1561672800,296.36
431,1561676400,293.68
432,1561680000,299.37
433,1561683600,296.89
434,1561687200,291.88
435,1561690800,294.25
436,1561694400,295.98
437,1561698000,295.03
438,1561701600,301.68
439,1561705200,296.63
440,1561708800,305.44
441,1561712400,306.38
442,1561716000,306.7
443,1561719600,307.09
444,1561723200,301.08
445,1561726800,303.06
446,1561730400,303.88
447,1561734000,304.58
448,1561737600,306.04
449,1561741200,305.42
450,1561744800,307.54
451,1561748400,310.29
452,1561752000,306.74
453,1561755600,307.57
454,1561759200,308.91
455,1561762800,309.79
456,1561766400,306.62
457,1561770000,302.69
458,1561773600,298.37
459,1561777200,294.2
460,1561780800,297.89
461,1561784400,297.69
462,1561788000,301.46
463,1561791600,299.99
464,1561795200,299.34
465,1561798800,297.09
466,1561802400,302.42
467,1561806000,306.99
468,1561809600,307.0
469,1561813200,305.24
470,1561816800,304.67
471,1561820400,305.13
472,1561824000,305.2
473,1561827600,311.14
474,1561831200,311.68
475,1561834800,309.47
476,1561838400,312.26
477,1561842000,310.17
478,1561845600,314.0
479,1561849200,317.0
480,1561852800,323.1
481,1561856400,321.0
482,1561860000,318.6
483,1561863600,318.17
484,1561867200,318.29
485,1561870800,316.79
486,1561874400,315.2
487,1561878000,307.25
488,1561881600,308.81
489,1561885200,309.42
490,1561888800,302.52
491,1561892400,301.45
492,1561896000,303.53
493,1561899600,293.87
494,1561903200,296.45
495,1561906800,295.53
496,1561910400,301.51
497,1561914000,302.24
498,1561917600,299.49
499,1561921200,301.45
500,1561924800,303.5
501,1561928400,299.75
502,1561932000,293.45
503,1561935600,289.5
504,1561939200,295.0
505,1561942800,294.27
506,1561946400,296.97
507,1561950000,298.01
508,1561953600,298.04
509,1561957200,294.65
510,1561960800,292.67
511,1561964400,293.09
512,1561968000,298.18
513,1561971600,297.37
514,1561975200,294.26
515,1561978800,294.09
516,1561982400,289.0
517,1561986000,285.86
518,1561989600,280.44
519,1561993200,284.38
520,1561996800,283.47
521,1562000400,282.5
522,1562004000,285.25
523,1562007600,281.79
524,1562011200,288.73
525,1562014800,291.85
526,1562018400,289.51
527,1562022000,293.51
528,1562025600,289.71
529,1562029200,286.37
530,1562032800,286.39
531,1562036400,287.92
532,1562040000,278.38
533,1562043600,274.74
534,1562047200,275.3
535,1562050800,276.96
536,1562054400,282.43
537,1562058000,281.15
538,1562061600,278.75
539,1562065200,275.47
540,1562068800,280.75
541,1562072400,277.68
542,1562076000,286.48
543,1562079600,289.1
544,1562083200,286.73
545,1562086800,290.55
546,1562090400,287.79
547,1562094000,288.38
548,1562097600,288.2
549,1562101200,287.64
550,1562104800,291.82
551,1562108400,291.24
552,1562112000,295.51
553,1562115600,296.66
554,1562119200,293.23
555,1562122800,295.46
556,1562126400,297.02
557,1562130000,299.1
558,1562133600,297.6
559,1562137200,295.13
560,1562140800,292.25
561,1562144400,294.31
562,1562148000,294.74
563,1562151600,292.46
564,1562155200,295.12
565,1562158800,293.7
566,1562162400,294.75
567,1562166000,295.29
568,1562169600,289.9
569,1562173200,292.67
570,1562176800,291.55
571,1562180400,292.96
572,1562184000,294.07
573,1562187600,294.79
574,1562191200,301.02
575,1562194800,302.1
576,1562198400,299.66
577,1562202000,300.35
578,1562205600,299.0
579,1562209200,298.35
580,1562212800,294.52
581,1562216400,294.96
582,1562220000,296.76
583,1562223600,295.47
584,1562227200,296.88
585,1562230800,294.53
586,1562234400,293.6
587,1562238000,294.71
588,1562241600,295.1
589,1562245200,296.7
590,1562248800,296.48
591,1562252400,294.63
592,1562256000,295.51
593,1562259600,295.76
594,1562263200,294.84
595,1562266800,295.08
596,1562270400,293.0
597,1562274000,292.4
598,1562277600,293.17
599,1562281200,282.57
600,1562284800,284.13
601,1562288400,285.49
602,1562292000,283.7
603,1562295600,285.28
604,1562299200,285.7
605,1562302800,286.2
606,1562306400,284.77
607,1562310000,285.56
608,1562313600,285.01
609,1562317200,290.2
610,1562320800,293.92
611,1562324400,293.69
612,1562328000,292.53
613,1562331600,292.03
614,1562335200,291.98
615,1562338800,289.18
616,1562342400,289.25
617,1562346000,291.07
618,1562349600,291.8
619,1562353200,289.86
620,1562356800,286.48
621,1562360400,288.67
622,1562364000,288.05
623,1562367600,287.6
624,1562371200,294.5
625,1562374800,292.34
626,1562378400,292.28
627,1562382000,293.79
628,1562385600,293.46
629,1562389200,292.41
630,1562392800,291.95
631,1562396400,292.9
632,1562400000,290.78
633,1562403600,290.64
634,1562407200,290.81
635,1562410800,290.91
636,1562414400,290.6
637,1562418000,289.73
638,1562421600,294.97
639,1562425200,296.23
640,1562428800,294.77
641,1562432400,294.73
642,1562436000,292.55
643,1562439600,292.26
644,1562443200,292.37
645,1562446800,288.0
646,1562450400,287.93
647,1562454000,287.65
648,1562457600,287.76
649,1562461200,288.34
650,1562464800,287.43
651,1562468400,287.93
652,1562472000,289.29
653,1562475600,288.71
654,1562479200,287.9
655,1562482800,287.87
656,1562486400,287.85
657,1562490000,288.47
658,1562493600,288.42
659,1562497200,294.04
660,1562500800,294.82
661,1562504400,294.37
662,1562508000,293.12
663,1562511600,291.78
664,1562515200,292.0
665,1562518800,308.11
666,1562522400,306.73
667,1562526000,308.37
668,1562529600,306.74
669,1562533200,307.98
670,1562536800,305.83
671,1562540400,306.47
672,1562544000,303.25
673,1562547600,305.33
674,1562551200,304.9
675,1562554800,305.25
676,1562558400,305.83
677,1562562000,304.82
678,1562565600,305.01
679,1562569200,308.37
680,1562572800,310.32
681,1562576400,310.5
682,1562580000,309.65
683,1562583600,308.16
684,1562587200,306.65
685,1562590800,308.88
686,1562594400,308.37
687,1562598000,308.72
688,1562601600,308.13
689,1562605200,307.95
690,1562608800,306.0
691,1562612400,310.41
692,1562616000,310.7
693,1562619600,311.99
694,1562623200,314.34
695,1562626800,313.67
696,1562630400,311.27
697,1562634000,314.29
698,1562637600,316.13
699,1562641200,314.89
700,1562644800,316.2
701,1562648400,315.66
702,1562652000,317.21
703,1562655600,312.08
704,1562659200,313.29
705,1562662800,314.85
706,1562666400,312.08
707,1562670000,311.15
708,1562673600,312.31
709,1562677200,311.81
710,1562680800,308.79
711,1562684400,309.37
712,1562688000,309.76
713,1562691600,310.44
714,1562695200,310.23
715,1562698800,307.48
716,1562702400,304.73
717,1562706000,307.48
718,1562709600,307.92
719,1562713200,307.95
720,1562716800,312.18
721,1562720400,310.97
722,1562724000,313.84
723,1562727600,311.15
724,1562731200,310.88
725,1562734800,311.32
726,1562738400,308.93
727,1562742000,306.99
728,1562745600,309.01
729,1562749200,308.19
730,1562752800,308.98
731,1562756400,308.08
732,1562760000,308.62
733,1562763600,308.4
734,1562767200,293.31
735,1562770800,288.7
736,1562774400,285.82
737,1562778000,288.01
738,1562781600,285.81
739,1562785200,287.36
740,1562788800,287.47
741,1562792400,288.46
742,1562796000,289.24
743,1562799600,288.46
744,1562803200,284.57
745,1562806800,285.49
746,1562810400,286.6
747,1562814000,283.24
748,1562817600,269.89
749,1562821200,270.66
750,1562824800,272.65
751,1562828400,273.99
752,1562832000,270.42
753,1562835600,272.28
754,1562839200,270.92
755,1562842800,273.18
756,1562846400,270.83
757,1562850000,269.96
758,1562853600,272.55
759,1562857200,269.57
760,1562860800,273.48
761,1562864400,273.81
762,1562868000,273.63
763,1562871600,273.42
764,1562875200,266.31
765,1562878800,269.5
766,1562882400,267.67
767,1562886000,268.49
768,1562889600,272.25
769,1562893200,270.53
770,1562896800,271.41
771,1562900400,267.82
772,1562904000,270.35
773,1562907600,269.75
774,1562911200,270.92
775,1562914800,272.85
776,1562918400,274.6
777,1562922000,277.5
778,1562925600,276.25
779,1562929200,276.06
780,1562932800,275.57
781,1562936400,275.42
782,1562940000,272.93
783,1562943600,271.84
784,1562947200,273.02
785,1562950800,274.27
786,1562954400,274.36
787,1562958000,274.4
788,1562961600,276.98
789,1562965200,276.08
790,1562968800,274.79
791,1562972400,275.48
792,1562976000,274.91
793,1562979600,274.06
794,1562983200,273.38
795,1562986800,271.98
796,1562990400,271.69
797,1562994000,272.13
798,1562997600,270.22
799,1563001200,269.01
800,1563004800,270.63
801,1563008400,271.21
802,1563012000,268.62
803,1563015600,266.0
804,1563019200,267.61
805,1563022800,269.91
806,1563026400,269.33
807,1563030000,270.55
808,1563033600,269.51
809,1563037200,269.71
810,1563040800,266.68
811,1563044400,267.36
812,1563048000,264.59
813,1563051600,263.76
814,1563055200,267.19
815,1563058800,269.18
816,1563062400,268.13
817,1563066000,268.74
818,1563069600,268.46
819,1563073200,267.82
820,1563076800,265.91
821,1563080400,267.08
822,1563084000,266.7
823,1563087600,265.88
824,1563091200,265.43
825,1563094800,241.02
826,1563098400,244.5
827,1563102000,242.8
828,1563105600,238.91
829,1563109200,238.83
830,1563112800,237.5
831,1563116400,234.0
832,1563120000,238.01
833,1563123600,238.0
834,1563127200,235.02
835,1563130800,235.11
836,1563134400,237.5
837,1563138000,237.11
838,1563141600,237.11
839,1563145200,237.11
840,1563148800,237.11
841,1563152400,216.47
842,1563156000,218.0
843,1563159600,222.51
844,1563163200,220.55
845,1563166800,221.6
846,1563170400,220.81
847,1563174000,226.5
848,1563177600,223.43
849,1563181200,226.79
850,1563184800,225.76
851,1563188400,226.84
852,1563192000,221.68
853,1563195600,226.56
854,1563199200,230.17
855,1563202800,230.25
856,1563206400,233.28
857,1563210000,226.49
858,1563213600,235.3
859,1563217200,232.76
860,1563220800,231.18
861,1563224400,227.6
862,1563228000,233.13
863,1563231600,228.13
864,1563235200,232.8
865,1563238800,232.19
866,1563242400,228.7
867,1563246000,227.69
868,1563249600,228.67
869,1563253200,229.0
870,1563256800,227.74
871,1563260400,226.63
872,1563264000,228.76
873,1563267600,226.04
874,1563271200,224.91
875,1563274800,224.36
876,1563278400,218.98
877,1563282000,215.53
878,1563285600,217.14
879,1563289200,220.53
880,1563292800,205.89
881,1563296400,199.58
882,1563300000,198.01
883,1563303600,204.23
884,1563307200,202.84
885,1563310800,204.14
886,1563314400,200.31
887,1563318000,198.67
888,1563321600,200.24
889,1563325200,199.52
890,1563328800,196.82
891,1563332400,198.09
892,1563336000,198.72
893,1563339600,201.8
894,1563343200,202.1
895,1563346800,204.06
896,1563350400,203.89
897,1563354000,202.76
898,1563357600,199.78
899,1563361200,196.4
900,1563364800,203.12
901,1563368400,204.31
902,1563372000,212.62
903,1563375600,213.72
904,1563379200,214.91
905,1563382800,216.4
906,1563386400,216.1
907,1563390000,212.32
908,1563393600,213.0
909,1563397200,215.1
910,1563400800,212.23
911,1563404400,211.5
912,1563408000,208.76
913,1563411600,213.14
914,1563415200,213.72
915,1563418800,212.45
916,1563422400,218.74
917,1563426000,217.73
918,1563429600,219.56
919,1563433200,216.14
920,1563436800,213.63
921,1563440400,214.64
922,1563444000,216.93
923,1563447600,216.0
924,1563451200,209.64
925,1563454800,208.81
926,1563458400,224.92
927,1563462000,224.99
928,1563465600,224.55
929,1563469200,224.49
930,1563472800,223.28
931,1563476400,223.83
932,1563480000,225.2
933,1563483600,224.79
934,1563487200,224.57
935,1563490800,226.3
936,1563494400,225.75
937,1563498000,223.32
938,1563501600,223.95
939,1563505200,222.89
940,1563508800,222.08
941,1563512400,222.48
942,1563516000,221.56
943,1563519600,224.7
944,1563523200,218.84
945,1563526800,218.16
946,1563530400,218.49
947,1563534000,216.7
948,1563537600,219.81
949,1563541200,216.34
950,1563544800,217.47
951,1563548400,218.94
952,1563552000,218.78
953,1563555600,218.51
954,1563559200,218.84
955,1563562800,218.71
956,1563566400,220.75
957,1563570000,221.46
958,1563573600,220.15
959,1563577200,221.45
960,1563580800,221.58
961,1563584400,221.34
962,1563588000,225.51
963,1563591600,227.1
964,1563595200,228.0
965,1563598800,227.55
966,1563602400,227.61
967,1563606000,226.5
968,1563609600,225.77
969,1563613200,225.82
970,1563616800,226.69
971,1563620400,225.49
972,1563624000,225.68
973,1563627600,225.1
974,1563631200,227.0
975,1563634800,230.96
976,1563638400,235.06
977,1563642000,233.01
978,1563645600,233.33
979,1563649200,232.31
980,1563652800,232.54
981,1563656400,233.81
982,1563660000,233.27
983,1563663600,228.87
984,1563667200,229.46
985,1563670800,228.68
986,1563674400,225.66
987,1563678000,224.53
988,1563681600,226.51
989,1563685200,225.09
990,1563688800,225.12
991,1563692400,226.2
992,1563696000,227.38
993,1563699600,227.66
994,1563703200,225.3
995,1563706800,226.05
996,1563710400,223.95
997,1563714000,223.46
998,1563717600,221.86
999,1563721200,222.62
1000,1563724800,220.73
1001,1563728400,219.28
1002,1563732000,221.99
1003,1563735600,220.05
1004,1563739200,223.44
1005,1563742800,224.9
1006,1563746400,224.91
1007,1563750000,225.47
1008,1563753600,224.81
1009,1563757200,225.04
1010,1563760800,226.97
1011,1563764400,226.15
1012,1563768000,224.69
1013,1563771600,225.46
1014,1563775200,225.5
1015,1563778800,224.86
1016,1563782400,224.0
1017,1563786000,220.85
1018,1563789600,221.95
1019,1563793200,223.12
1020,1563796800,222.33
1021,1563800400,220.62
1022,1563804000,215.6
1023,1563807600,214.65
1024,1563811200,214.36
1025,1563814800,216.16
1026,1563818400,215.62
1027,1563822000,212.67
1028,1563825600,218.15
1029,1563829200,216.7
1030,1563832800,216.0
1031,1563836400,217.27
1032,1563840000,215.34
1033,1563843600,215.04
1034,1563847200,217.12
1035,1563850800,216.5
1036,1563854400,216.47
1037,1563858000,214.18
1038,1563861600,211.98
1039,1563865200,211.96
1040,1563868800,210.01
1041,1563872400,210.12
1042,1563876000,211.56
1043,1563879600,212.07
1044,1563883200,212.0
1045,1563886800,210.78
1046,1563890400,211.33
1047,1563894000,209.75
1048,1563897600,211.22
1049,1563901200,211.89
1050,1563904800,216.86
1051,1563908400,216.74
1052,1563912000,217.93
1053,1563915600,217.08
1054,1563919200,215.4
1055,1563922800,212.05
1056,1563926400,205.26
1057,1563930000,205.41
1058,1563933600,205.18
1059,1563937200,204.23
1060,1563940800,204.8
1061,1563944400,205.37
1062,1563948000,205.43
1063,1563951600,205.7
1064,1563955200,207.49
1065,1563958800,208.33
1066,1563962400,207.0
1067,1563966000,207.11
1068,1563969600,207.94
1069,1563973200,207.7
1070,1563976800,213.92
1071,1563980400,216.03
1072,1563984000,209.32
1073,1563987600,210.71
1074,1563991200,210.57
1075,1563994800,211.63
1076,1563998400,215.2
1077,1564002000,216.21
1078,1564005600,214.66
1079,1564009200,216.51
1080,1564012800,223.06
1081,1564016400,223.16
1082,1564020000,222.91
1083,1564023600,222.73
1084,1564027200,221.44
1085,1564030800,221.9
1086,1564034400,222.35
1087,1564038000,221.13
1088,1564041600,222.44
1089,1564045200,222.4
1090,1564048800,222.47
1091,1564052400,222.81
1092,1564056000,224.77
1093,1564059600,220.06
1094,1564063200,220.92
1095,1564066800,221.14
1096,1564070400,221.1
1097,1564074000,221.85
1098,1564077600,220.97
1099,1564081200,218.25
1100,1564084800,218.59
1101,1564088400,219.08
1102,1564092000,219.91
1103,1564095600,219.16
1104,1564099200,216.0
1105,1564102800,214.85
1106,1564106400,214.32
1107,1564110000,215.01
1108,1564113600,215.49
1109,1564117200,215.31
1110,1564120800,214.06
1111,1564124400,216.42
1112,1564128000,216.99
1113,1564131600,216.72
1114,1564135200,217.0
1115,1564138800,217.5
1116,1564142400,216.42
1117,1564146000,216.1
1118,1564149600,215.72
1119,1564153200,216.53
1120,1564156800,218.99
1121,1564160400,218.96
1122,1564164000,219.45
1123,1564167600,220.33
1124,1564171200,218.32
1125,1564174800,218.27
1126,1564178400,218.2
1127,1564182000,219.24
1128,1564185600,223.0
1129,1564189200,222.32
1130,1564192800,222.58
1131,1564196400,222.32
1132,1564200000,222.1
1133,1564203600,220.99
1134,1564207200,220.69
1135,1564210800,221.09
1136,1564214400,220.52
1137,1564218000,219.64
1138,1564221600,208.46
1139,1564225200,207.0
1140,1564228800,205.93
1141,1564232400,206.01
1142,1564236000,205.7
1143,1564239600,206.5
1144,1564243200,207.48
1145,1564246800,208.2
1146,1564250400,207.05
1147,1564254000,207.0
1148,1564257600,208.03
1149,1564261200,208.59
1150,1564264800,206.36
1151,1564268400,207.11
1152,1564272000,206.08
1153,1564275600,207.46
1154,1564279200,206.65
1155,1564282800,207.17
1156,1564286400,209.76
1157,1564290000,209.3
1158,1564293600,209.94
1159,1564297200,208.63
1160,1564300800,209.1
1161,1564304400,208.07
1162,1564308000,208.11
1163,1564311600,209.65
1164,1564315200,208.81
1165,1564318800,208.33
1166,1564322400,208.0
1167,1564326000,208.17
1168,1564329600,207.37
1169,1564333200,208.16
1170,1564336800,207.92
1171,1564340400,208.36
1172,1564344000,207.8
1173,1564347600,206.03
1174,1564351200,207.88
1175,1564354800,211.07
1176,1564358400,210.25
1177,1564362000,213.76
1178,1564365600,213.0
1179,1564369200,212.58
1180,1564372800,213.2
1181,1564376400,211.67
1182,1564380000,211.33
1183,1564383600,212.0
1184,1564387200,210.97
1185,1564390800,208.46
1186,1564394400,208.95
1187,1564398000,208.23
1188,1564401600,209.58
1189,1564405200,209.15
1190,1564408800,208.89
1191,1564412400,209.08
1192,1564416000,210.71
1193,1564419600,209.27
1194,1564423200,209.95
1195,1564426800,209.43
1196,1564430400,211.67
1197,1564434000,210.79
1198,1564437600,211.19
1199,1564441200,210.69
1200,1564444800,209.71
1201,1564448400,207.7
1202,1564452000,206.31
1203,1564455600,206.64
1204,1564459200,206.71
1205,1564462800,207.0
1206,1564466400,208.07
1207,1564470000,207.94
1208,1564473600,207.94
1209,1564477200,207.84
1210,1564480800,208.51
1211,1564484400,209.46
1212,1564488000,209.04
1213,1564491600,209.0
1214,1564495200,209.5
1215,1564498800,212.75
1216,1564502400,212.17
1217,1564506000,211.8
1218,1564509600,212.01
1219,1564513200,211.05
1220,1564516800,209.24
1221,1564520400,209.89
1222,1564524000,210.41
1223,1564527600,209.8
1224,1564531200,212.72
1225,1564534800,212.69
1226,1564538400,211.91
1227,1564542000,212.05
1228,1564545600,211.99
1229,1564549200,212.39
1230,1564552800,213.41
1231,1564556400,212.03
1232,1564560000,212.95
1233,1564563600,213.52
1234,1564567200,213.48
1235,1564570800,213.01
1236,1564574400,215.82
1237,1564578000,216.51
1238,1564581600,216.02
1239,1564585200,217.16
1240,1564588800,215.74
1241,1564592400,216.19
1242,1564596000,215.53
1243,1564599600,215.52
1244,1564603200,215.35
1245,1564606800,215.99
1246,1564610400,215.96
1247,1564614000,218.68
1248,1564617600,216.49
1249,1564621200,213.66
1250,1564624800,214.44
1251,1564628400,214.03
1252,1564632000,213.66
1253,1564635600,212.93
1254,1564639200,213.15
1255,1564642800,213.78
1256,1564646400,213.12
1257,1564650000,213.0
1258,1564653600,212.86
1259,1564657200,213.8
1260,1564660800,214.13
1261,1564664400,213.86
1262,1564668000,213.0
1263,1564671600,213.86
1264,1564675200,214.36
1265,1564678800,214.88
1266,1564682400,215.14
1267,1564686000,216.12
1268,1564689600,217.68
1269,1564693200,217.4
1270,1564696800,217.32
1271,1564700400,217.38
1272,1564704000,216.53
1273,1564707600,216.83
1274,1564711200,216.71
1275,1564714800,215.93
1276,1564718400,216.67
1277,1564722000,216.63
1278,1564725600,220.07
1279,1564729200,221.54
1280,1564732800,220.32
1281,1564736400,219.29
1282,1564740000,220.23
1283,1564743600,219.26
1284,1564747200,220.09
1285,1564750800,219.75
1286,1564754400,220.45
1287,1564758000,220.02
1288,1564761600,216.83
1289,1564765200,217.12
1290,1564768800,217.49
1291,1564772400,217.19
1292,1564776000,215.93
1293,1564779600,216.5
1294,1564783200,217.5
1295,1564786800,217.8
1296,1564790400,216.5
1297,1564794000,219.65
1298,1564797600,223.21
1299,1564801200,221.63
1300,1564804800,222.76
1301,1564808400,222.49
1302,1564812000,223.26
1303,1564815600,223.39
1304,1564819200,222.5
1305,1564822800,222.49
1306,1564826400,223.24
1307,1564830000,222.78
1308,1564833600,222.47
1309,1564837200,223.0
1310,1564840800,222.81
1311,1564844400,220.58
1312,1564848000,221.94
1313,1564851600,222.26
1314,1564855200,222.38
1315,1564858800,221.91
1316,1564862400,222.12
1317,1564866000,221.44
1318,1564869600,222.26
1319,1564873200,221.82
1320,1564876800,222.81
1321,1564880400,222.63
1322,1564884000,221.35
1323,1564887600,219.54
1324,1564891200,217.97
1325,1564894800,218.67
1326,1564898400,219.18
1327,1564902000,218.49
1328,1564905600,218.71
1329,1564909200,219.43
1330,1564912800,219.27
1331,1564916400,218.99
1332,1564920000,218.72
1333,1564923600,219.58
1334,1564927200,221.11
1335,1564930800,221.17
1336,1564934400,220.92
1337,1564938000,220.42
1338,1564941600,221.6
1339,1564945200,221.09
1340,1564948800,221.6
1341,1564952400,221.71
1342,1564956000,222.51
1343,1564959600,222.9
1344,1564963200,227.1
1345,1564966800,227.34
1346,1564970400,229.81
1347,1564974000,229.78
1348,1564977600,228.94
1349,1564981200,228.31
1350,1564984800,228.7
1351,1564988400,228.2
1352,1564992000,229.33
1353,1564995600,229.88
1354,1564999200,232.93
1355,1565002800,233.7
1356,1565006400,233.12
1357,1565010000,231.78
1358,1565013600,231.09
1359,1565017200,232.63
1360,1565020800,235.32
1361,1565024400,233.25
1362,1565028000,233.38
1363,1565031600,232.29
1364,1565035200,232.0
1365,1565038800,232.49
1366,1565042400,232.81
1367,1565046000,233.0
1368,1565049600,230.23
1369,1565053200,228.82
1370,1565056800,228.78
1371,1565060400,228.4
1372,1565064000,227.93
1373,1565067600,229.25
1374,1565071200,232.54
1375,1565074800,233.19
1376,1565078400,233.32
1377,1565082000,235.45
1378,1565085600,230.08
1379,1565089200,229.39
1380,1565092800,228.05
1381,1565096400,230.33
1382,1565100000,229.28
1383,1565103600,228.15
1384,1565107200,229.81
1385,1565110800,228.51
1386,1565114400,228.95
1387,1565118000,227.63
1388,1565121600,225.89
1389,1565125200,223.69
1390,1565128800,224.33
1391,1565132400,226.1
1392,1565136000,225.31
1393,1565139600,225.54
1394,1565143200,226.7
1395,1565146800,226.39
1396,1565150400,227.74
1397,1565154000,226.69
1398,1565157600,226.41
1399,1565161200,225.16
1400,1565164800,225.42
1401,1565168400,226.1
1402,1565172000,226.15
1403,1565175600,227.95
1404,1565179200,228.37
1405,1565182800,229.24
1406,1565186400,228.7
1407,1565190000,224.31
1408,1565193600,223.07
1409,1565197200,224.49
1410,1565200800,223.41
1411,1565204400,223.59
1412,1565208000,224.23
1413,1565211600,225.17
1414,1565215200,225.51
1415,1565218800,225.97
1416,1565222400,225.45
1417,1565226000,225.09
1418,1565229600,225.61
1419,1565233200,225.27
1420,1565236800,225.63
1421,1565240400,225.2
1422,1565244000,224.48
1423,1565247600,225.0
1424,1565251200,225.36
1425,1565254800,225.86
1426,1565258400,225.0
1427,1565262000,224.25
1428,1565265600,224.48
1429,1565269200,222.34
1430,1565272800,222.42
1431,1565276400,221.24
1432,1565280000,220.17
1433,1565283600,217.24
1434,1565287200,218.22
1435,1565290800,217.13
1436,1565294400,217.58
1437,1565298000,217.74
1438,1565301600,219.06
1439,1565305200,220.85
1440,1565308800,220.59
1441,1565312400,218.89
1442,1565316000,218.81
1443,1565319600,217.4
1444,1565323200,216.45
1445,1565326800,215.94
1446,1565330400,216.98
1447,1565334000,216.06
1448,1565337600,215.85
1449,1565341200,211.35
1450,1565344800,209.07
1451,1565348400,210.05
1452,1565352000,210.81
1453,1565355600,210.86
1454,1565359200,210.85
1455,1565362800,208.99
1456,1565366400,209.08
1457,1565370000,208.1
1458,1565373600,207.65
1459,1565377200,209.44
1460,1565380800,209.16
1461,1565384400,210.07
1462,1565388000,208.98
1463,1565391600,210.3
1464,1565395200,213.27
1465,1565398800,212.87
1466,1565402400,210.83
1467,1565406000,211.59
1468,1565409600,211.55
1469,1565413200,211.51
1470,1565416800,211.28
1471,1565420400,211.5
1472,1565424000,212.42
1473,1565427600,213.05
1474,1565431200,212.27
1475,1565434800,203.54
1476,1565438400,205.01
1477,1565442000,204.61
1478,1565445600,203.72
1479,1565449200,204.8
1480,1565452800,203.55
1481,1565456400,206.26
1482,1565460000,206.59
1483,1565463600,205.98
1484,1565467200,206.95
1485,1565470800,205.97
1486,1565474400,205.96
1487,1565478000,206.05
1488,1565481600,210.0
1489,1565485200,209.72
1490,1565488800,211.46
1491,1565492400,210.79
1492,1565496000,209.75
1493,1565499600,210.06
1494,1565503200,210.21
1495,1565506800,210.63
1496,1565510400,209.45
1497,1565514000,209.49
1498,1565517600,209.49
1499,1565521200,211.26
1500,1565524800,210.89
1501,1565528400,209.72
1502,1565532000,210.03
1503,1565535600,209.68
1504,1565539200,212.56
1505,1565542800,214.51
1506,1565546400,215.44
1507,1565550000,215.06
1508,1565553600,215.14
1509,1565557200,214.4
1510,1565560800,214.92
1511,1565564400,216.28
1512,1565568000,214.27
1513,1565571600,213.64
1514,1565575200,213.06
1515,1565578800,213.97
1516,1565582400,213.49
1517,1565586000,212.88
1518,1565589600,212.31
1519,1565593200,212.77
1520,1565596800,211.87
1521,1565600400,212.57
1522,1565604000,212.02
1523,1565607600,210.68
1524,1565611200,211.14
1525,1565614800,212.02
1526,1565618400,211.42
1527,1565622000,211.63
1528,1565625600,211.82
1529,1565629200,211.66
1530,1565632800,211.75
1531,1565636400,211.93
1532,1565640000,212.11
1533,1565643600,211.59
1534,1565647200,211.19
1535,1565650800,211.2
1536,1565654400,211.17
1537,1565658000,209.85
1538,1565661600,209.92
1539,1565665200,209.71
1540,1565668800,209.41
1541,1565672400,209.68
1542,1565676000,209.4
1543,1565679600,209.56
1544,1565683200,209.02
1545,1565686800,209.64
1546,1565690400,210.28
1547,1565694000,210.73
1548,1565697600,210.17
1549,1565701200,208.33
1550,1565704800,205.86
1551,1565708400,204.66
1552,1565712000,205.83
1553,1565715600,207.41
1554,1565719200,207.2
1555,1565722800,207.26
1556,1565726400,207.31
1557,1565730000,206.8
1558,1565733600,206.94
1559,1565737200,208.6
1560,1565740800,207.53
1561,1565744400,206.36
1562,1565748000,208.05
1563,1565751600,207.7
1564,1565755200,207.6
1565,1565758800,207.27
1566,1565762400,207.64
1567,1565766000,207.68
1568,1565769600,205.6
1569,1565773200,206.33
1570,1565776800,206.11
1571,1565780400,206.7
1572,1565784000,206.28
1573,1565787600,205.89
1574,1565791200,204.83
1575,1565794800,205.21
1576,1565798400,195.51
1577,1565802000,188.88
1578,1565805600,187.62
1579,1565809200,186.3
1580,1565812800,188.2
1581,1565816400,188.92
1582,1565820000,189.8
1583,1565823600,186.2
1584,1565827200,188.82
1585,1565830800,187.73
1586,1565834400,187.18
1587,1565838000,183.95
1588,1565841600,181.81
1589,1565845200,180.99
1590,1565848800,177.15
1591,1565852400,180.09
1592,1565856000,180.52
1593,1565859600,182.64
1594,1565863200,182.93
1595,1565866800,184.87
1596,1565870400,182.33
1597,1565874000,183.37
1598,1565877600,183.96
1599,1565881200,186.56
1600,1565884800,184.55
1601,1565888400,183.85
1602,1565892000,184.27
1603,1565895600,184.56
1604,1565899200,187.17
1605,1565902800,187.34
1606,1565906400,187.62
1607,1565910000,188.06
1608,1565913600,186.42
1609,1565917200,187.49
1610,1565920800,186.47
1611,1565924400,186.84
1612,1565928000,184.02
1613,1565931600,181.99
1614,1565935200,181.88
1615,1565938800,181.52
1616,1565942400,184.05
1617,1565946000,183.78
1618,1565949600,184.26
1619,1565953200,183.38
1620,1565956800,184.36
1621,1565960400,183.05
1622,1565964000,182.69
1623,1565967600,185.92
1624,1565971200,185.55
1625,1565974800,184.76
1626,1565978400,185.1
1627,1565982000,186.08
1628,1565985600,185.25
1629,1565989200,186.3
1630,1565992800,185.88
1631,1565996400,185.5
1632,1566000000,184.58
1633,1566003600,185.36
1634,1566007200,184.03
1635,1566010800,184.28
1636,1566014400,184.72
1637,1566018000,185.68
1638,1566021600,184.82
1639,1566025200,185.08
1640,1566028800,185.66
1641,1566032400,186.38
1642,1566036000,185.29
1643,1566039600,185.29
1644,1566043200,184.66
1645,1566046800,185.16
1646,1566050400,184.49
1647,1566054000,184.34
1648,1566057600,184.0
1649,1566061200,183.0
1650,1566064800,183.51
1651,1566068400,182.81
1652,1566072000,182.9
1653,1566075600,183.5
1654,1566079200,186.3
1655,1566082800,185.63
1656,1566086400,185.23
1657,1566090000,184.94
1658,1566093600,184.5
1659,1566097200,184.04
1660,1566100800,184.27
1661,1566104400,184.46
1662,1566108000,185.29
1663,1566111600,184.75
1664,1566115200,184.86
1665,1566118800,185.58
1666,1566122400,189.51
1667,1566126000,190.3
1668,1566129600,192.15
1669,1566133200,194.47
1670,1566136800,193.23
1671,1566140400,194.3
1672,1566144000,196.71
1673,1566147600,196.17
1674,1566151200,196.25
1675,1566154800,195.91
1676,1566158400,195.42
1677,1566162000,196.38
1678,1566165600,194.8
1679,1566169200,194.57
1680,1566172800,193.89
1681,1566176400,194.99
1682,1566180000,196.14
1683,1566183600,196.31
1684,1566187200,195.58
1685,1566190800,194.92
1686,1566194400,196.79
1687,1566198000,201.26
1688,1566201600,200.85
1689,1566205200,199.61
1690,1566208800,200.9
1691,1566212400,200.1
1692,1566216000,200.37
1693,1566219600,201.72
1694,1566223200,201.74
1695,1566226800,201.21
1696,1566230400,200.89
1697,1566234000,200.81
1698,1566237600,200.76
1699,1566241200,198.25
1700,1566244800,198.31
1701,1566248400,199.86
1702,1566252000,200.61
1703,1566255600,202.27
1704,1566259200,200.85
1705,1566262800,200.64
1706,1566266400,200.87
1707,1566270000,198.51
1708,1566273600,199.19
1709,1566277200,199.37
1710,1566280800,200.15
1711,1566284400,200.4
1712,1566288000,197.51
1713,1566291600,197.09
1714,1566295200,197.25
1715,1566298800,197.55
1716,1566302400,196.45
1717,1566306000,196.72
1718,1566309600,195.83
1719,1566313200,197.11
1720,1566316800,197.66
1721,1566320400,196.75
1722,1566324000,196.71
1723,1566327600,196.35
1724,1566331200,196.67
1725,1566334800,197.26
1726,1566338400,198.31
1727,1566342000,196.44
1728,1566345600,194.32
1729,1566349200,194.47
1730,1566352800,193.03
1731,1566356400,190.7
1732,1566360000,188.13
1733,1566363600,188.8
1734,1566367200,187.67
1735,1566370800,186.48
1736,1566374400,187.71
1737,1566378000,188.36
1738,1566381600,188.24
1739,1566385200,187.77
1740,1566388800,182.61
1741,1566392400,182.98
1742,1566396000,184.07
1743,1566399600,182.89
1744,1566403200,185.35
1745,1566406800,185.51
1746,1566410400,184.49
1747,1566414000,185.93
1748,1566417600,185.67
1749,1566421200,184.0
1750,1566424800,184.67
1751,1566428400,187.27
1752,1566432000,187.0
1753,1566435600,183.25
1754,1566439200,184.68
1755,1566442800,184.27
1756,1566446400,185.2
1757,1566450000,185.8
1758,1566453600,185.85
1759,1566457200,185.26
1760,1566460800,185.77
1761,1566464400,186.41
1762,1566468000,186.6
1763,1566471600,186.39
1764,1566475200,188.07
1765,1566478800,188.78
1766,1566482400,189.36
1767,1566486000,190.87
1768,1566489600,192.61
1769,1566493200,193.9
1770,1566496800,193.92
1771,1566500400,192.0
1772,1566504000,192.5
1773,1566507600,191.99
1774,1566511200,193.84
1775,1566514800,190.45
1776,1566518400,191.58
1777,1566522000,190.94
1778,1566525600,190.94
1779,1566529200,191.71
1780,1566532800,192.03
1781,1566536400,191.36
1782,1566540000,192.89
1783,1566543600,193.89
1784,1566547200,192.51
1785,1566550800,191.43
1786,1566554400,190.44
1787,1566558000,190.54
1788,1566561600,191.97
1789,1566565200,194.05
1790,1566568800,195.36
1791,1566572400,194.57
1792,1566576000,195.22
1793,1566579600,194.59
1794,1566583200,194.74
1795,1566586800,194.3
1796,1566590400,192.93
1797,1566594000,193.84
1798,1566597600,194.09
1799,1566601200,194.36
1800,1566604800,193.61
1801,1566608400,193.67
1802,1566612000,192.45
1803,1566615600,192.65
1804,1566619200,192.28
1805,1566622800,192.37
1806,1566626400,192.27
1807,1566630000,191.81
1808,1566633600,189.63
1809,1566637200,188.96
1810,1566640800,188.6
1811,1566644400,189.19
1812,1566648000,187.63
1813,1566651600,187.78
1814,1566655200,187.9
1815,1566658800,188.0
1816,1566662400,189.18
1817,1566666000,189.03
1818,1566669600,189.41
1819,1566673200,189.31
1820,1566676800,189.48
1821,1566680400,188.75
1822,1566684000,190.99
1823,1566687600,190.96
1824,1566691200,190.11
1825,1566694800,189.35
1826,1566698400,189.82
1827,1566702000,190.02
1828,1566705600,188.67
1829,1566709200,188.8
1830,1566712800,189.09
1831,1566716400,190.0
1832,1566720000,189.66
1833,1566723600,191.1
1834,1566727200,190.91
1835,1566730800,189.53
1836,1566734400,192.26
1837,1566738000,191.05
1838,1566741600,188.03
1839,1566745200,187.98
1840,1566748800,187.77
1841,1566752400,187.58
1842,1566756000,187.5
1843,1566759600,185.5
1844,1566763200,184.45
1845,1566766800,184.51
1846,1566770400,186.02
1847,1566774000,186.72
1848,1566777600,193.09
1849,1566781200,191.82
1850,1566784800,191.06
1851,1566788400,190.65
1852,1566792000,191.18
1853,1566795600,190.42
1854,1566799200,190.51
1855,1566802800,190.26
1856,1566806400,189.8
1857,1566810000,189.73
1858,1566813600,189.85
1859,1566817200,190.6
1860,1566820800,189.43
1861,1566824400,188.96
1862,1566828000,188.64
1863,1566831600,188.47
1864,1566835200,187.89
1865,1566838800,187.85
1866,1566842400,186.16
1867,1566846000,187.19
1868,1566849600,186.44
1869,1566853200,186.56
1870,1566856800,187.69
1871,1566860400,188.35
1872,1566864000,188.24
1873,1566867600,188.14
1874,1566871200,186.54
1875,1566874800,186.14
1876,1566878400,186.09
1877,1566882000,186.77
1878,1566885600,186.2
1879,1566889200,186.08
1880,1566892800,186.5
1881,1566896400,186.19
1882,1566900000,186.17
1883,1566903600,185.88
1884,1566907200,185.47
1885,1566910800,188.28
1886,1566914400,187.69
1887,1566918000,188.25
1888,1566921600,188.41
1889,1566925200,187.29
1890,1566928800,187.32
1891,1566932400,187.51
1892,1566936000,186.7
1893,1566939600,185.81
1894,1566943200,185.74
1895,1566946800,187.07
1896,1566950400,185.92
1897,1566954000,185.49
1898,1566957600,185.27
1899,1566961200,185.24
1900,1566964800,184.72
1901,1566968400,185.87
1902,1566972000,186.58
1903,1566975600,186.44
1904,1566979200,185.73
1905,1566982800,186.39
1906,1566986400,185.82
1907,1566990000,186.16
1908,1566993600,186.61
1909,1566997200,186.77
1910,1567000800,187.5
1911,1567004400,187.2
1912,1567008000,186.73
1913,1567011600,184.88
1914,1567015200,172.45
1915,1567018800,171.16
1916,1567022400,171.46
1917,1567026000,173.11
1918,1567029600,173.86
1919,1567033200,172.81
1920,1567036800,172.98
1921,1567040400,171.63
1922,1567044000,170.48
1923,1567047600,169.26
1924,1567051200,170.56
1925,1567054800,170.26
1926,1567058400,169.13
1927,1567062000,167.63
1928,1567065600,168.3
1929,1567069200,169.65
1930,1567072800,168.71
1931,1567076400,168.74
1932,1567080000,167.84
1933,1567083600,168.33
1934,1567087200,165.03
1935,1567090800,168.02
1936,1567094400,167.44
1937,1567098000,169.0
1938,1567101600,168.51
1939,1567105200,169.2
1940,1567108800,169.67
1941,1567112400,169.33
1942,1567116000,168.82
1943,1567119600,168.82
1944,1567123200,167.53
1945,1567126800,167.48
1946,1567130400,167.28
1947,1567134000,168.23
1948,1567137600,168.09
1949,1567141200,167.73
1950,1567144800,167.73
1951,1567148400,167.37
1952,1567152000,168.72
1953,1567155600,169.5
1954,1567159200,170.14
1955,1567162800,169.82
1956,1567166400,169.42
1957,1567170000,169.8
1958,1567173600,169.59
1959,1567177200,169.42
1960,1567180800,168.95
1961,1567184400,167.9
1962,1567188000,167.43
1963,1567191600,168.8
1964,1567195200,169.23
1965,1567198800,168.62
1966,1567202400,168.73
1967,1567206000,168.25
1968,1567209600,168.71
1969,1567213200,169.19
1970,1567216800,169.18
1971,1567220400,169.19
1972,1567224000,169.2
1973,1567227600,169.19
1974,1567231200,168.35
1975,1567234800,168.16
1976,1567238400,168.35
1977,1567242000,168.18
1978,1567245600,168.49
1979,1567249200,167.88
1980,1567252800,168.28
1981,1567256400,168.62
1982,1567260000,168.2
1983,1567263600,168.24
1984,1567267200,168.48
1985,1567270800,168.58
1986,1567274400,167.05
1987,1567278000,167.64
1988,1567281600,166.54
1989,1567285200,173.84
1990,1567288800,172.78
1991,1567292400,171.92
1992,1567296000,172.67
1993,1567299600,172.83
1994,1567303200,172.74
1995,1567306800,172.84
1996,1567310400,172.76
1997,1567314000,172.44
1998,1567317600,172.61
1999,1567321200,172.52
2000,1567324800,170.93
2001,1567328400,170.87
2002,1567332000,170.45
2003,1567335600,170.18
2004,1567339200,169.82
2005,1567342800,169.35
2006,1567346400,169.9
2007,1567350000,170.47
2008,1567353600,169.56
2009,1567357200,169.95
2010,1567360800,169.85
2011,1567364400,170.86
2012,1567368000,170.31
2013,1567371600,171.19
2014,1567375200,171.8
2015,1567378800,171.38
2016,1567382400,171.34
2017,1567386000,170.95
2018,1567389600,171.58
2019,1567393200,171.23
2020,1567396800,171.62
2021,1567400400,171.36
2022,1567404000,171.03
2023,1567407600,171.34
2024,1567411200,170.92
2025,1567414800,171.34
2026,1567418400,171.47
2027,1567422000,172.44
2028,1567425600,171.7
2029,1567429200,173.02
2030,1567432800,173.7
2031,1567436400,173.0
2032,1567440000,173.68
2033,1567443600,173.68
2034,1567447200,177.85
2035,1567450800,178.03
2036,1567454400,180.07
2037,1567458000,179.31
2038,1567461600,178.48
2039,1567465200,178.84
2040,1567468800,178.74
2041,1567472400,177.69
2042,1567476000,178.34
2043,1567479600,179.04
2044,1567483200,179.0
2045,1567486800,178.62
2046,1567490400,178.0
2047,1567494000,177.89
2048,1567497600,175.97695922851562
2049,1567501200,175.85467529296875
2050,1567504800,174.09458923339844
2051,1567508400,174.3798828125
2052,1567512000,177.03514099121094
2053,1567515600,176.31832885742188
2054,1567519200,176.7950439453125
2055,1567522800,174.5460205078125
2056,1567526400,176.97244262695312
2057,1567530000,175.42401123046875
2058,1567533600,178.54571533203125
2059,1567537200,178.32505798339844
2060,1567540800,178.05697631835938
2061,1567544400,179.7119140625
2062,1567548000,176.42391967773438
2063,1567551600,177.79029846191406
2064,1567555200,177.9044189453125
2065,1567558800,178.71556091308594
2066,1567562400,178.8773651123047
2067,1567566000,179.98211669921875
2068,1567569600,177.7137908935547
2069,1567573200,178.7707061767578
2070,1567576800,178.43116760253906
2071,1567580400,179.17218017578125
2072,1567584000,177.43333435058594
2073,1567587600,179.5537109375
2074,1567591200,179.17762756347656
2075,1567594800,179.1664581298828
2076,1567598400,178.13644409179688
2077,1567602000,179.55665588378906
2078,1567605600,179.8074188232422
2079,1567609200,180.3076934814453
